Filename,Scaled from,Scaled to,cv_MSE,cv2_PSNR,Implemented_algo_MSE  ,Implemented_algo_PSNR  
cv_Density2_2592x1944.png,"(1944, 2592, 3)","(2916, 3888, 3)",0.0819,80.5183666666667,0.0904,80.0895666666667
cv_testimg_2592x1944.png,"(1944, 2592, 3)","(2916, 3888, 3)",1.7711,67.1687666666667,1.76,67.1961333333333
cv_Density_2592x1944.png,"(1944, 2592, 3)","(2916, 3888, 3)",15.3604,57.7872333333333,15.3586,57.7877333333333
cv_ColorDifferenceError_2592x1944.png,"(1944, 2592, 3)","(2916, 3888, 3)",0.2185,76.2567666666667,0.2375,75.8945666666667
cv_reschart_2592x1944.png,"(1944, 2592, 3)","(2916, 3888, 3)",0.2037,76.5613666666667,0.3174,74.6351666666667
